{
	"type": "lithostitched:add_template_pool_elements",
	"fabric:load_conditions": {
		"condition": "fabric:all_mods_loaded",
		"values": [
			"fwaystones"
		]
	},
	"neoforge:conditions": [
		{
			"type": "neoforge:mod_loaded",
			"modid": "fwaystones"
		}
	],
	"template_pools": [ "minecraft:village/snowy/houses" ],
	"elements": [
		{
			"weight": 5,
			"element": {
				"element_type": "lithostitched:guaranteed",
				"delegate": {
					"element_type": "minecraft:single_pool_element",
					"projection": "rigid",
					"processors": "minecraft:empty",
					"location": "fwaystones:stone_brick_village_waystone"
				},
  				"count": 1,
                "min_depth": 3
			}
		}
	]
}