{
  "display": {
    "show_toast": false,
    "announce_to_chat": false,
    "icon": {
      "id": "minecells:kings_crest_flag"
    },
    "title": {
      "translate": "advancements.minecells.root"
    },
    "description": {
      "translate": "advancements.minecells.root.description"
    },
    "background": "minecells:textures/block/hardstone.png"
  },
  "criteria": {
    "requirement": {
      "trigger": "minecraft:location",
      "conditions": {
        "player": [
          {
            "condition": "minecraft:location_check",
            "predicate": {
              "structure": "minecells:overworld_portal"
            }
          }
        ]
      }
    }
  }
}